index,len,time
1,100,0.000001
2,11200,0.019999
3,22300,0.044001
4,33400,0.071945
5,44500,0.112444
6,55600,0.124003
7,66700,0.15206
8,77800,0.19201
9,88900,0.215
10,100000,0.244003
