index,len,time
1,100,0.000002
2,11200,0.029
3,22300,0.066006
4,33400,0.098999
5,44500,0.160995
6,55600,0.184012
7,66700,0.223008
8,77800,0.273004
9,88900,0.329939
10,100000,0.369063
