index,len,time
1,100,0.00084
2,11200,8.66532
3,22300,34.8146
4,33400,79.3333
5,44500,142.208
6,55600,222.105
7,66700,322.388
8,77800,441.304
9,88900,578.822
10,100000,739.56
